{
    "project_info": {
        "project_number": "301972711423",
        "firebase_url": "https://hellochat-e7e2e.firebaseio.com",
        "project_id": "hellochat-e7e2e",
        "storage_bucket": "hellochat-e7e2e.appspot.com"
    },
    "client": [{
        "client_info": {
            "mobilesdk_app_id": "1:301972711423:android:36b5bdedf1007add7a29ca",
            "android_client_info": {
                "package_name": "com.example.hello"
            }
        },
        "oauth_client": [{
            "client_id": "301972711423-qt6ll3m1fftbg3cnk9e73vkv8rldd8gc.apps.googleusercontent.com",
            "client_type": 3
        }],
        "api_key": [{
            "current_key": "AIzaSyBZ5zbQ411S97XsyU8za7axlbZzZFOy53M"
        }],
        "services": {
            "appinvite_service": {
                "other_platform_oauth_client": [{
                    "client_id": "301972711423-qt6ll3m1fftbg3cnk9e73vkv8rldd8gc.apps.googleusercontent.com",
                    "client_type": 3
                }]
            }
        }
    }],
    "configuration_version": "1"
}